0;
ID_235511_Agenda EUA - web.pdf;CNIGerência Executiva de Assuntos Internacionais 
ID_233839_Competicoes_cientificas_web.pdf;SESI/DNUnidade de Estudos e Prospectiva - UNIEPRO 
ID_233867_Efeitos_da_gestao_web.pdf;CNIGerência Executiva de Política Industrial
ID_235880_Agenda para o Mexico_web.pdf;CNIGerência Executiva de Assuntos Internacionais 
ID_235534_Agenda para o Japão_web.pdf;CNIGerência Executiva de Assuntos Internacionais 
ID_236141_Nova lei de expatriação de mão de obra_web.pdf;CNIGerência Executiva de Assuntos Internacionais
PG_Relatorio_SESI_web.pdf;SESI|DRServiço Social da Indústria
ID_235665_Normas e Politicas de Uso_web.pdf;CNIDiretoria de Comunicação - DIRCOM
ID_233893_O_Brasil_e_o_códigos_de_liberalização_web.pdf;CNIGerência Executiva de Assuntos Internacionais
ID_233910_Cartilha_Licenciamento_Ambiental+web.pdf;CNIGerência Executiva de Meio Ambiente e Sustentabilidade
ID 236028_Reuso de efluentes para abastecimento - web.pdf;CNIGerência Executiva de Meio Ambiente e Sustentabilidade - GEMAS
ID 235980_Educacao Infantil 4 a 5 Anos - web.pdf;SESI/DNGerência Executiva de Educação 
ID_235353 - OMC Sem Orgao de Apelacao - web.pdf;CNIGerencia Executiva de Assuntos Internacionais
ID_236142_O marco legal de ciência - web.pdf;CNIDiretoria de Inovação - DI
ID_235382_Manual de Eventos - internet.pdf;CNIDiretoria de Comunicação Œ DIRCOM
ID_236157_Cartilha ABNT NBR ISO 20400 - web.pdf;CNIGerencia Executiva de Meio Ambiente e Sustentabilidade  Œ GEMAS
ID_235320_Documento_de_referência_para_implantação_das_DCNs_web.pdf;
ID_235664_Governanca de Dados - web.pdf;CNIDiretoria de Comunicação - DIRCOM
ID_236455_Programas estatais da China_web.pdf;CNIGerência Executiva de Assuntos Internacionais
Book_agenda legislativa 2019_web.pdf;CONFEDERAÇÃO NACIONAL DA INDÚSTRIA Œ CNI
ID_233904_Estudo_sobre_Medidas_Compensatórias_aplicadas_contra_a_China_WEB.pdf;CNIGerência Executiva de Assuntos Internacionais
ID_233906_Panorama Sesi_web.pdf;SESI/DNUnidade de Estudos e Prospectiva - UNIEPRO 
ID_235469_Roadmap_port_web.pdf;CNIGerência Executiva de Assuntos Internacionais
ID_235878_Estudo sobre o impacto econômico_web.pdf;CNIGerência Executiva de Meio Ambiente e Sustentabilidade - GEMAS
ID_233896_Agenda Internacional_2020_web.pdf;CONFEDERAÇÃO NACIONAL DA INDÚSTRIA Œ CNI
ID_193359_Estratégias Corporativas de Baixo Carbono_web.pdf;CONFEDERAÇÃO NACIONAL DA INDÚSTRIA Œ CNI
Manual_SESI_web.pdf;SESI|DRServiço Social da Indústria
3_ID_233887_Guia_CT_e_QB_web.pdf;SENAI/DNUnidade de Educação Pro˜ssional e Tecnológica - UNIEP
ID_233899_Caderno_de_Ações_e_Resultados_2019_web.pdf;CNIDiretoria de Inovação
ID 235981_EJA - EF Anos Finais - web.pdf;SESI/DNGerência Executiva de Educação 
ID 235979_Educacao Infantil 3 Anos - web.pdf;SESI/DNGerência Executiva de Educação 
8_ID_233892_Templates_web.pdf;SENAI/DNUnidade de Educação Pro˜ssional e Tecnológica - UNIEP
ID_233884_AGENDA_JURIDICA_2020.pdf;CONFEDERAÇÃO NACIONAL DA INDÚSTRIA Œ CNI
ID_235331_Enquadramento_Cursos_dagua.pdf;CNIGerência Executiva de Meio Ambiente e Sustentabilidade - GEMAS
ID_235651_Agenda para o BRICS_web.pdf;CNIGerência Executiva de Assuntos Internacionais 
ID 235986_Ensino Fundamental Anos Iniciais - web.pdf;SESI/DNGerência Executiva de Educação 
ID_235469_Roadmap_eng_web.pdf;CNIGerência Executiva de Assuntos Internacionais
ID_235142_Bioeconomia_e_a_Industria_brasileira_web.pdf;CNIGerência Executiva de Meio Ambiente e Sustentabilidade Œ GEMAS
ID 236121_Proposta pedagógica - Ensino fundamental - web.pdf;SESI/DNUnidade de Educação 
ID_225519_Modelos Aduaneiros_web.pdf;CNIGerencia Executiva de Assuntos Internacionais 
ID_235313_Protocolo de Nagoia - web.pdf;CNIGerência Executiva de Meio Ambiente e Sustentabilidade - GEMAS
ID_235985_EF_ANOS_FINAIS_web.pdf;SESI/DNGerência Executiva de Educação 
1_ID_233885_Manual para desenvolvimento de recursos didáticos_web.pdf;SENAI/DNUnidade de Educação Pro˜ssional e Tecnológica - UNIEP
ID_235650_Agenda_para_a_Argentina-internet.pdf;CNIGerência Executiva de Assuntos Internacionais 
ID_235512_Agenda Ambiental_web.pdf;CNIGerencia Executiva de Assuntos Internacionais 
ID_236339_O modelo brasileiro de acordos_web.pdf;CNIGerência Executiva de Assuntos Internacionais
ID_236304_A empregabilidade das pessoas - web.pdf;SENAI/DNUnidade de Educação Pro˜ssional e Tecnológica - UNIEP
ID_233898_Planejamento_Estrategico_da_MEI_web.pdf;CNIDiretoria de Inovação
ID_235502_Acordo dupla tributacao BR UK_web.pdf;CNIGerencia Executiva de Assuntos Internacionais
5_ID_233889_Guia_Autoinstrucionais_web.pdf;SENAI/DNUnidade de Educação Pro˜ssional e Tecnológica - UNIEP
ID_235092_LGPD_web.pdf;CNIGerencia Executiva de Política Industrial - GEPI
ID_233903_Tradução_dos_Relatórios_EUA_e_UE_sobre_distorções_na_China_web.pdf;CNIGerência Executiva de Assuntos Internacionais
ID 236031_Proposta Pedagógica Infantil_web.pdf;SESI/DNGerência de Educação Básica
ID_235904_Agenda Ambiental_web.pdf;CNIGerencia Executiva de Assuntos Internacionais 
2_ID_233886_Metodologia SENAI de Desenvolvimento_web.pdf;SENAI/DNUnidade de Educação
BO09_Guia_Senai_Retomada_das_Aulas_web.pdf;SENAI/DNUnidade de Educação Profissional e Tecnológica - UNIEP
GUIA_OPERACIONALIZAÇÃO_MSEP_ web.pdf;SENAI/DN
ID_235909_Nova Camex_web.pdf;CNIGerência Executiva de Assuntos Internacionais
ID 235983_EJA - EF Anos Iniciais - web.pdf;SESI/DNGerência Executiva de Educação 
ID_235193_Cooperacao_regulatoria_web.pdf;CNIGerência Executiva de Assuntos Internacionais
PG_Relatorio_SENAI_web.pdf;SENAI|DRServiço Nacional de Aprendizagem Industrial
ID_236338_A prática brasileira em defesa comercial - web.pdf;CNIGerência Executiva de Assuntos Internacionais
6_ID_233890_Guia_Estudo_Adaptativo_web.pdf;SENAI/DNUnidade de Educação Pro˜ssional e Tecnológica - UNIEP
ID_235520_Agenda para a Alemanha_web.pdf;CNIGerência Executiva de Assuntos Internacionais 
ID_236534_NR1_web.pdf;CNIGerência Executiva de Relações do Trabalho & SESI/DNGerência Executiva de Saúde e Segurança na Indústria
ID 235984_EJA - Ensino Medio - web.pdf;SESI/DNGerência Executiva de Educação 
4_ID_233888_Guia_Customizados_web.pdf;SENAI/DNUnidade de Educação Pro˜ssional e Tecnológica - UNIEP
ID_236527_Encargos do setor elétrico_web.pdf;CNIGerência Executiva de Infraestrutura Œ GINFRA
Manual_SENAI_web.pdf;SENAI|DRServiço Nacional de Aprendizagem Industrial
ID_235905_Proposta de regime para as importacoes_web.pdf;CNIGerência Executiva de Assuntos Internacionais
ID_235495_Pesquisa_de_Percepcao_web.pdf;CNIGerência Executiva de Assuntos Internacionais
 ID 236105 - Produção sustentável de florestas nativas.pdf;CNIGerência Executiva de Meio Ambiente e Sustentabilidade - GEMAS
ID_235874_Financiamento para Clima_web.pdf;CNIGerência Executiva de Meio Ambiente e Sustentabilidade - GEMAS
7_ID_233891_Guia_Microlearning_web.pdf;SENAI/DNUnidade de Educação Pro˜ssional e Tecnológica - UNIEP
ID_235810_Agenda para a China - internet.pdf;CNIGerência Executiva de Assuntos Internacionais 
ID_236158_Cartilha Compras Públicas Sustentáveis - web.pdf;CNIGerencia Executiva de Meio Ambiente e Sustentabilidade  Œ GEMAS
ID_235305_Impactos_Juridicos_Saida - web.pdf;CNIGerência Executiva de Assuntos Internacionais